id;login;first_name;last_name;email;image_url;activated;lang_key;created_by;created_date;last_modified_by;last_modified_date;profile_link;biography;birth_date;job;sexe
cb570c7d-6e20-4f05-ae3b-9e8386363540;conseil d’administration;Iris;Thomas;Violette_Lecomte92@gmail.com;croâ;false;porte-;coac coac perplexe;2025-01-31T07:53:52;de sorte que chasser;2025-01-31T02:28:13;plancher personnel presser;céans;2025-01-31T10:42:29;chef après que spécialiste;HOMME
84ce1f82-9969-492f-b8d7-7fb9f82ef0b3;crac nettoyer;Romane;Lemaire;Philippe3@gmail.com;autrefois;true;dring ;arrêter maigre;2025-01-31T16:27:11;pendant zzzz chef;2025-01-31T03:43:30;carrément zzzz bénéficier;a;2025-01-31T10:19:22;pourvu que;FEMME
790529c1-1e26-4b65-8468-24120c1cc25e;foule smack jusque;Gabrielle;Baron;Agrippine65@yahoo.fr;avant que jamais ignorer;true;de cra;charitable solitaire main-d’œuvre;2025-01-31T03:54:18;étant donné que aux alentours de au cas où;2025-01-31T15:30:36;sans que à condition que;reposer;2025-01-31T09:14:36;après que quant à diététiste;HOMME
6cd0b247-6409-4207-bb66-f4c30e124d3f;antagoniste;Mylène;Marchand;Lauriane40@hotmail.fr;que pendant que;true;de man;meuh;2025-01-31T12:22:50;intrépide;2025-01-31T16:24:02;quelquefois;au cas où moyennant hi;2025-01-30T17:25:48;hi;FEMME
0d0f9adc-26a4-42b7-9cd8-9e4ef84b1adf;hirsute;Ferdinand;Huet;Charlotte56@gmail.com;rose;true;euh sn;dans espiègle si bien que;2025-01-31T12:17:05;tic-tac vlan d’autant que;2025-01-31T02:51:53;désormais;moyennant;2025-01-31T11:13:51;oh aussitôt que sitôt que;HOMME
254e8ecc-4ba2-4a3e-8046-75f41b2b992e;fouiller;Antonine;Brunet;Ange.Rolland98@gmail.com;saigner;true;subito;mature admirablement;2025-01-31T03:45:24;soucier jusqu’à ce que;2025-01-31T08:52:21;puisque cuicui population du Québec;population du Québec apparemment groin groin;2025-01-31T05:13:18;égoïste direction;HOMME
e089a3c9-d522-4498-a468-d20fd249d3fb;turquoise également charitable;Sixte;Joly;Dorothee91@hotmail.fr;rapporter sans que assumer;true;obéir ;conseil municipal avare;2025-01-31T06:27:34;rester dense;2025-01-31T15:33:25;de;quelque bè;2025-01-31T04:55:04;de façon que rudement;FEMME
83aa7edf-81e7-43a9-a2fd-c2be0cf8a699;pouvoir ouf ferme;Sidoine;Roussel;Thais99@hotmail.fr;répandre hier;false;de sor;lunatique désormais atchoum;2025-01-31T06:38:10;derrière de manière à ce que fonctionnaire;2025-01-30T20:20:23;incognito de crainte que;chez;2025-01-31T08:04:09;entre bang;FEMME
1981b330-b218-47ba-b001-b8589b43d637;à l'instar de chut grrr;Hélène;Roussel;Mamert0@yahoo.fr;même si sécher;false;direct;admirablement;2025-01-31T11:01:09;broum aider au-dehors;2025-01-31T06:47:32;même mal partenaire;guide vétuste déposer;2025-01-31T11:24:54;solitaire;HOMME
bc40a534-3bf7-4560-8174-a293e4a1e9e4;douter à peu près cadre;Justin;Fontaine;Viviane.Michel9@gmail.com;étant donné que;false;innomb;recta quitte à apte;2025-01-31T08:54:02;secours de manière à ce que;2025-01-30T23:00:53;même;en dépit de après;2025-01-30T22:25:54;jadis pour que;HOMME
